{"f1_score_weighted_average": 0.9764333242333838, "_timestamp": 1690310305.114471, "_runtime": 10.020902872085571, "_step": 0, "_wandb": {"runtime": 9}}