{"f1_score_weighted_average": 0.9737815475000384, "_timestamp": 1690330952.733166, "_runtime": 5.745270013809204, "_step": 0, "_wandb": {"runtime": 5}}