{"f1_score_weighted_average": 0.9683039899320672, "precision_score_weighted_average": 0.9652103311988726, "recall_score_weighted_average": 0.9727626459143969, "f1_score": 0.2222222222222222, "precision_score": 0.3333333333333333, "recall_score": 0.16666666666666666, "_timestamp": 1690323822.177719, "_runtime": 86.52634310722351, "_step": 8, "_wandb": {"runtime": 86}}