{"f1_score": 0.4444444444444444, "precision_score": 0.6666666666666666, "recall_score": 0.3333333333333333, "_timestamp": 1690399762.523346, "_runtime": 87.32502889633179, "_step": 8, "_wandb": {"runtime": 86}}