{"f1_score_weighted_average": 0.9764333242333838, "_timestamp": 1690309475.676146, "_runtime": 8.713558912277222, "_step": 0, "_wandb": {"runtime": 8}}