{"f1_score_weighted_average": 0.9612125313360299, "_timestamp": 1690308916.253512, "_runtime": 8.06666898727417, "_step": 0, "_wandb": {"runtime": 7}}