{"f1_score_weighted_average": 0.9739736325590848, "_timestamp": 1690329531.467457, "_runtime": 5.095679998397827, "_step": 0, "_wandb": {"runtime": 4}}