{"f1_score_weighted_average": 0.9764333242333838, "_timestamp": 1690329430.574016, "_runtime": 5.11898398399353, "_step": 0, "_wandb": {"runtime": 4}}