{"f1_score_weighted_average": 0.9766536964980544, "_timestamp": 1690330320.675615, "_runtime": 5.930010080337524, "_step": 0, "_wandb": {"runtime": 5}}