{"f1_score_weighted_average": 0.9737815475000384, "_timestamp": 1690330831.410337, "_runtime": 4.194015979766846, "_step": 0, "_wandb": {"runtime": 3}}