{"f1_score_weighted_average": 0.9764333242333838, "_timestamp": 1690330664.789185, "_runtime": 6.409853935241699, "_step": 0, "_wandb": {"runtime": 6}}