{"f1_score_weighted_average": 0.9759882892653495, "precision_score_weighted_average": 0.9794118524255789, "recall_score_weighted_average": 0.973561430793157, "f1_score": 0.5405405405405405, "precision_score": 0.45454545454545453, "recall_score": 0.6666666666666666, "matthew_correlation_coefficient": 0.5377089226123426, "_timestamp": 1690864394.0513291, "_runtime": 108.96736001968384, "_step": 8, "_wandb": {"runtime": 108}}