{"f1_score_weighted_average": 0.9766536964980544, "_timestamp": 1690330573.712139, "_runtime": 4.342417001724243, "_step": 0, "_wandb": {"runtime": 4}}