{"f1_score_weighted_average": 0.9612125313360299, "_timestamp": 1690308998.1318998, "_runtime": 7.416029930114746, "_step": 0, "_wandb": {"runtime": 7}}