{"f1_score_weighted_average": 0.9764333242333838, "_timestamp": 1690331100.9479082, "_runtime": 6.344662189483643, "_step": 0, "_wandb": {"runtime": 6}}