{"f1_score_weighted_average": 0.9764333242333838, "_timestamp": 1690327774.990815, "_runtime": 4.830467939376831, "_step": 0, "_wandb": {"runtime": 4}}