{"f1_score_weighted_average": 0.9764333242333838, "_timestamp": 1690331224.2928581, "_runtime": 5.04782509803772, "_step": 0, "_wandb": {"runtime": 4}}