{"f1_score_weighted_average": 0.9764333242333838, "_timestamp": 1690328986.6645179, "_runtime": 4.909211874008179, "_step": 0, "_wandb": {"runtime": 4}}