{"f1_score_weighted_average": 0.9766536964980544, "_timestamp": 1690309776.325665, "_runtime": 10.50271201133728, "_step": 0, "_wandb": {"runtime": 10}}