{"f1_score_weighted_average": 0.9764333242333838, "_timestamp": 1690330697.209908, "_runtime": 6.676000118255615, "_step": 0, "_wandb": {"runtime": 6}}