{"f1_score_weighted_average": 0.9764333242333838, "_timestamp": 1690329181.323544, "_runtime": 6.290520906448364, "_step": 0, "_wandb": {"runtime": 5}}