{"f1_score_weighted_average": 0.9794831623240146, "_timestamp": 1690309809.789452, "_runtime": 6.290657997131348, "_step": 0, "_wandb": {"runtime": 5}}