{"f1_score_weighted_average": 0.9794831623240146, "_timestamp": 1690329326.473294, "_runtime": 5.769534111022949, "_step": 0, "_wandb": {"runtime": 5}}