{"f1_score_weighted_average": 0.9764333242333838, "_timestamp": 1690330817.162167, "_runtime": 6.482232093811035, "_step": 0, "_wandb": {"runtime": 6}}