{"f1_score": 0.2, "precision_score": 0.14285714285714285, "recall_score": 0.3333333333333333, "_timestamp": 1690216461.667011, "_runtime": 0.5061960220336914, "_step": 8, "_wandb": {"runtime": 0}}