{"f1_score_weighted_average": 0.9764333242333838, "_timestamp": 1690331020.611146, "_runtime": 5.374669075012207, "_step": 0, "_wandb": {"runtime": 4}}