{"f1_score_weighted_average": 0.9737815475000384, "_timestamp": 1690327737.768725, "_runtime": 4.193346977233887, "_step": 0, "_wandb": {"runtime": 3}}