{"f1_score_weighted_average": 0.9801003081438356, "precision_score_weighted_average": 0.9804477925692217, "recall_score_weighted_average": 0.9797822706065319, "f1_score": 0.5806451612903225, "precision_score": 0.5625, "recall_score": 0.6, "matthew_correlation_coefficient": 0.5706094406758773, "_timestamp": 1690866598.333933, "_runtime": 77.33411121368408, "_step": 8, "_wandb": {"runtime": 76}}