{"f1_score_weighted_average": 0.9764333242333838, "_timestamp": 1690330397.994705, "_runtime": 9.399340867996216, "_step": 0, "_wandb": {"runtime": 9}}