{"f1_score_weighted_average": 0.9764333242333838, "_timestamp": 1690330544.4799192, "_runtime": 6.793971300125122, "_step": 0, "_wandb": {"runtime": 6}}