{"f1_score_weighted_average": 0.9764333242333838, "_timestamp": 1690331069.626823, "_runtime": 6.402745962142944, "_step": 0, "_wandb": {"runtime": 6}}