{"f1_score_weighted_average": 0.9764333242333838, "_timestamp": 1690310252.4417422, "_runtime": 9.373313188552856, "_step": 0, "_wandb": {"runtime": 9}}