{"f1_score_weighted_average": 0.9764333242333838, "_timestamp": 1690330235.969596, "_runtime": 11.350956916809082, "_step": 0, "_wandb": {"runtime": 9}}