{"f1_score_weighted_average": 0.9794831623240146, "_timestamp": 1690309825.529443, "_runtime": 6.548349142074585, "_step": 0, "_wandb": {"runtime": 6}}