{"f1_score_weighted_average": 0.9737815475000384, "_timestamp": 1690329157.962056, "_runtime": 4.1908838748931885, "_step": 0, "_wandb": {"runtime": 3}}