{"f1_score_weighted_average": 0.9764333242333838, "_timestamp": 1690329196.802955, "_runtime": 6.40501594543457, "_step": 0, "_wandb": {"runtime": 5}}