{"f1_score_weighted_average": 0.9676903147973862, "precision_score_weighted_average": 0.9680593030129194, "recall_score_weighted_average": 0.9673405909797823, "f1_score": 0.5333333333333332, "precision_score": 0.5217391304347826, "recall_score": 0.5454545454545454, "matthew_correlation_coefficient": 0.5165571311953473, "_timestamp": 1690866473.3123178, "_runtime": 15.025582790374756, "_step": 1, "_wandb": {"runtime": 19}}