{"f1_score_weighted_average": 0.9764333242333838, "_timestamp": 1690330434.6228962, "_runtime": 7.005444288253784, "_step": 0, "_wandb": {"runtime": 6}}