{"f1_score_weighted_average": 0.9764333242333838, "_timestamp": 1690330593.980154, "_runtime": 7.1624109745025635, "_step": 0, "_wandb": {"runtime": 6}}