{"f1_gain_score": 0.9799897645854656, "precision_gain_score": 0.9717502558853632, "recall_gain_score": 0.988229273285568, "_timestamp": 1690864505.5548139, "_runtime": 0.6383078098297119, "_step": 9, "f1_gain_score_average": 0.9123303011883854, "precision_gain_average": 0.9281514765572738, "recall_gain_avg": 0.8965091258194973, "f1_score_average": 0.5510701131094589, "precision_score_average": 0.6131683893718449, "recall_score_average": 0.5179430246966624, "matthew_correlation_coefficient_average": 0.5127775644678297, "_wandb": {"runtime": 0}}