{"f1_score_weighted_average": 0.9773599928086193, "precision_score_weighted_average": 0.9768375256594872, "recall_score_weighted_average": 0.980544747081712, "f1_score": 0.4444444444444444, "precision_score": 0.6666666666666666, "recall_score": 0.3333333333333333, "_timestamp": 1690399943.035017, "_runtime": 76.24958896636963, "_step": 8, "_wandb": {"runtime": 75}}