{"f1_score_weighted_average": 0.9764333242333838, "_timestamp": 1690330938.090293, "_runtime": 6.751489877700806, "_step": 0, "_wandb": {"runtime": 6}}