{"f1_score_weighted_average": 0.9612125313360299, "_timestamp": 1690308934.4439402, "_runtime": 8.614628076553345, "_step": 0, "_wandb": {"runtime": 8}}