{"f1_score_weighted_average": 0.9764333242333838, "_timestamp": 1690309492.822627, "_runtime": 8.755253076553345, "_step": 0, "_wandb": {"runtime": 8}}