{"f1_score_weighted_average": 0.9766536964980544, "_timestamp": 1690330911.584418, "_runtime": 5.721513032913208, "_step": 0, "_wandb": {"runtime": 5}}