{"f1_score_weighted_average": 0.9737815475000384, "_timestamp": 1690328948.4196532, "_runtime": 4.216784238815308, "_step": 0, "_wandb": {"runtime": 3}}