{"f1_score_weighted_average": 0.9764333242333838, "_timestamp": 1690329341.714947, "_runtime": 5.377861022949219, "_step": 0, "_wandb": {"runtime": 5}}