{"f1_score_weighted_average": 0.9764333242333838, "_timestamp": 1690329280.373434, "_runtime": 7.1899261474609375, "_step": 0, "_wandb": {"runtime": 6}}