{"f1_score_weighted_average": 0.9766536964980544, "_timestamp": 1690331036.414104, "_runtime": 5.76013708114624, "_step": 0, "_wandb": {"runtime": 5}}