{"f1_score_weighted_average": 0.9764333242333838, "_timestamp": 1690331241.789197, "_runtime": 6.693896055221558, "_step": 0, "_wandb": {"runtime": 6}}