{"f1_score_weighted_average": 0.9764333242333838, "_timestamp": 1690310157.740329, "_runtime": 7.553244113922119, "_step": 0, "_wandb": {"runtime": 7}}