{"f1_score_weighted_average": 0.9764333242333838, "_timestamp": 1690329260.8798149, "_runtime": 7.713304758071899, "_step": 0, "_wandb": {"runtime": 7}}