{"f1_score_weighted_average": 0.9764333242333838, "_timestamp": 1690329018.081891, "_runtime": 4.875298976898193, "_step": 0, "_wandb": {"runtime": 4}}