{"f1_score_weighted_average": 0.9739736325590848, "_timestamp": 1690310267.352213, "_runtime": 4.425444841384888, "_step": 0, "_wandb": {"runtime": 4}}