{"f1_score_weighted_average": 0.9764333242333838, "_timestamp": 1690309606.973757, "_runtime": 12.118354082107544, "_step": 0, "_wandb": {"runtime": 11}}