{"f1_score_weighted_average": 0.965118416618156, "precision_score_weighted_average": 0.9538524428833138, "recall_score_weighted_average": 0.9766536964980544, "_timestamp": 1689750009.25145, "_runtime": 0.877763032913208, "_step": 8, "_wandb": {"runtime": 0}}