{"f1_gain_score": 0.9829978391902651, "precision_gain_score": 0.9816899806664393, "recall_gain_score": 0.9843056977140908, "_timestamp": 1690866940.081271, "_runtime": 0.4299960136413574, "_step": 9, "f1_gain_score_average": 0.9105122096130714, "precision_gain_average": 0.8850205841498472, "recall_gain_avg": 0.9360038350762954, "f1_score_average": 0.5549148798215224, "precision_score_average": 0.5180323159183475, "recall_score_average": 0.6093922023489533, "matthew_correlation_coefficient_average": 0.5019529525457272, "_wandb": {"runtime": 0}}