{"f1_score_weighted_average": 0.9764333242333838, "_timestamp": 1690330765.437025, "_runtime": 6.453802108764648, "_step": 0, "_wandb": {"runtime": 6}}