{"f1_score_weighted_average": 0.9764333242333838, "_timestamp": 1690309567.912286, "_runtime": 9.020748138427734, "_step": 0, "_wandb": {"runtime": 8}}