{"f1_score_weighted_average": 0.9794831623240146, "_timestamp": 1690309897.957282, "_runtime": 6.096165180206299, "_step": 0, "_wandb": {"runtime": 5}}