{"f1_score_weighted_average": 0.9764333242333838, "_timestamp": 1690330630.9536462, "_runtime": 8.923233270645142, "_step": 0, "_wandb": {"runtime": 6}}