{"f1_score_weighted_average": 0.9764333242333838, "_timestamp": 1690331271.978614, "_runtime": 5.790580987930298, "_step": 0, "_wandb": {"runtime": 5}}