{"create_model/Accuracy": 0.9417, "create_model/AUC": 0.8578, "create_model/Recall": 0.72, "create_model/Prec.": 0.2179, "create_model/F1": 0.3303, "create_model/Kappa": 0.3097, "create_model/MCC": 0.3728, "create_model/TT": 0.46, "_timestamp": 1689737860.95666, "_runtime": 26.639354944229126, "_step": 2, "AUC": {"_type": "image-file", "sha256": "cfc31859784e4086d865d5d0e9a3f6c3019c369d8d1f9bc109efb5582b9279d4", "size": 76887, "path": "media/images/AUC_1_cfc31859784e4086d865.png", "format": "png", "width": 698, "height": 507}, "Confusion Matrix": {"_type": "image-file", "sha256": "de23d1e31ffb1829628193e050dd9959dcf0e4eaacab204050aaf3b5c1b9a292", "size": 17004, "path": "media/images/Confusion Matrix_2_de23d1e31ffb18296281.png", "format": "png", "width": 784, "height": 534}, "_wandb": {"runtime": 28}}