{"f1_gain_score": 0.9720445240532241, "precision_gain_score": 0.9794012282497441, "recall_gain_score": 0.9646878198567042, "_timestamp": 1690403971.103392, "_runtime": 1.1612858772277832, "_step": 9, "f1_gain_score_average": 0.9109429286099756, "precision_gain_average": 0.9324154485507319, "recall_gain_avg": 0.8894704086692194, "f1_score_average": 0.5188662924434523, "precision_score_average": 0.599589070978277, "recall_score_average": 0.46619606576718475, "_wandb": {"runtime": 0}}