{"f1_score_weighted_average": 0.9766536964980544, "_timestamp": 1690331208.648586, "_runtime": 5.17649507522583, "_step": 0, "_wandb": {"runtime": 4}}