{"f1_score_weighted_average": 0.9764333242333838, "_timestamp": 1690330560.843461, "_runtime": 8.092957019805908, "_step": 0, "_wandb": {"runtime": 7}}