{"f1_score_weighted_average": 0.9764333242333838, "_timestamp": 1690329061.6787999, "_runtime": 6.472337961196899, "_step": 0, "_wandb": {"runtime": 6}}