{"f1_score_weighted_average": 0.9737815475000384, "_timestamp": 1690330647.491369, "_runtime": 5.248220920562744, "_step": 0, "_wandb": {"runtime": 4}}