{"f1_gain_score": 0.9808725690890481, "precision_gain_score": 0.9823439099283521, "recall_gain_score": 0.9794012282497441, "_timestamp": 1690403079.501915, "_runtime": 0.5528888702392578, "_step": 9, "f1_gain_score_average": 0.9108205633571078, "precision_gain_average": 0.9314731924609081, "recall_gain_avg": 0.8901679342533075, "f1_score_average": 0.544195092632129, "precision_score_average": 0.6266984133521074, "recall_score_average": 0.4933764540263695, "_wandb": {"runtime": 0}}