{"f1_score_weighted_average": 0.9825210316666924, "precision_score_weighted_average": 0.9819336785236475, "recall_score_weighted_average": 0.9844357976653697, "f1_score": 0.5, "precision_score": 0.6666666666666666, "recall_score": 0.4, "matthew_correlation_coefficient": 0.5092579147285807, "_timestamp": 1694109236.508363, "_runtime": 11.851738929748535, "_step": 0, "_wandb": {"runtime": 10}}