{"f1_score_weighted_average": 0.9811466593867073, "_timestamp": 1694110483.559705, "_runtime": 8.83964204788208, "_step": 0, "_wandb": {"runtime": 8}}