{"f1_score_weighted_average": 0.9764333242333838, "_timestamp": 1690327687.6372511, "_runtime": 10.552841186523438, "_step": 0, "_wandb": {"runtime": 9}}