{"f1_score_weighted_average": 0.9764333242333838, "_timestamp": 1690309875.910536, "_runtime": 9.233641147613525, "_step": 0, "_wandb": {"runtime": 8}}