{"f1_score_weighted_average": 0.9764333242333838, "_timestamp": 1690328876.665787, "_runtime": 6.456021070480347, "_step": 0, "_wandb": {"runtime": 6}}