{"f1_score_weighted_average": 0.9764333242333838, "_timestamp": 1690329097.639675, "_runtime": 6.24519681930542, "_step": 0, "_wandb": {"runtime": 5}}