{"f1_score": 0.2222222222222222, "precision_score": 0.3333333333333333, "recall_score": 0.16666666666666666, "_timestamp": 1690341949.1331332, "_runtime": 76.36852622032166, "_step": 8, "_wandb": {"runtime": 75}}