{"f1_score_weighted_average": 0.9737815475000384, "_timestamp": 1690330492.3141172, "_runtime": 6.675600290298462, "_step": 0, "_wandb": {"runtime": 6}}