{"f1_score_weighted_average": 0.9764333242333838, "_timestamp": 1690329002.983168, "_runtime": 8.170543909072876, "_step": 0, "_wandb": {"runtime": 6}}