{"f1_score_weighted_average": 0.9737815475000384, "_timestamp": 1690327294.412852, "_runtime": 4.555288076400757, "_step": 0, "_wandb": {"runtime": 4}}