{"f1_score_weighted_average": 0.9764333242333838, "_timestamp": 1690330212.775502, "_runtime": 647.4013540744781, "_step": 0, "_wandb": {"runtime": 647}}