{"f1_score_weighted_average": 0.9764333242333838, "_timestamp": 1690329113.476777, "_runtime": 6.279026985168457, "_step": 0, "_wandb": {"runtime": 5}}