{"f1_score_weighted_average": 0.9764333242333838, "_timestamp": 1690330416.618019, "_runtime": 9.904882192611694, "_step": 0, "_wandb": {"runtime": 9}}