{"f1_score_weighted_average": 0.9764333242333838, "_timestamp": 1690327795.4358552, "_runtime": 5.1147871017456055, "_step": 0, "_wandb": {"runtime": 4}}