{"f1_gain_score": 0.9835209825997953, "precision_gain_score": 0.9788126919140224, "recall_gain_score": 0.988229273285568, "_timestamp": 1690402746.0583081, "_runtime": 0.6435451507568359, "_step": 9, "f1_gain_score_average": 0.9122060371807231, "precision_gain_average": 0.8886401839746119, "recall_gain_avg": 0.9357718903868341, "f1_score_average": 0.5601051346239062, "precision_score_average": 0.5105209040729877, "recall_score_average": 0.623097710682831, "_wandb": {"runtime": 0}}