{"f1_score_weighted_average": 0.9766536964980544, "_timestamp": 1690326768.129819, "_runtime": 5.267138957977295, "_step": 0, "_wandb": {"runtime": 4}}