{"f1_score_weighted_average": 0.9764333242333838, "_timestamp": 1690330897.79819, "_runtime": 7.128586053848267, "_step": 0, "_wandb": {"runtime": 6}}