{"epoch": 73, "train_loss": 0.020574042573571205, "raw_loss": 0.008954139426350594, "wd_0": 0.01, "sqr_mom_0": 0.99, "lr_0": 0.0009893827548409576, "mom_0": 0.8510617351332556, "eps_0": 1e-05, "_timestamp": 1690229624.841053, "train_samples_per_sec": 8802.814499247044, "_runtime": 74.08213591575623, "_step": 4537, "valid_loss": 0.1578715741634369, "f1_score": [0.9861932938856015, 0.0], "precision_score": 0.9537633754863813, "recall_score": 0.9727626459143969, "Prediction_Samples": {"_type": "table-file", "sha256": "20f6575f420c5ddf7a43fadbd4148ca3592936e127b39d91d8e9c4e68b252571", "size": 60979, "artifact_path": "wandb-client-artifact://fdkmdi8bsstu8mkrc1u4gdckab3uj9six3ni9scjhhje7l20f0t106wu07t3zoohn8oxdp9snw7pa18e76950m6cmt26j4by2c9254ga3vmt4dacw5bugsi1eolxum8j:latest/Prediction_Samples.table.json", "_latest_artifact_path": "wandb-client-artifact://fdkmdi8bsstu8mkrc1u4gdckab3uj9six3ni9scjhhje7l20f0t106wu07t3zoohn8oxdp9snw7pa18e76950m6cmt26j4by2c9254ga3vmt4dacw5bugsi1eolxum8j:latest/Prediction_Samples.table.json", "path": "media/table/Prediction_Samples_4536_20f6575f420c5ddf7a43.table.json", "ncols": 94, "nrows": 36}, "f1_score_weighted_average": 0.9683039899320672, "precision_score_weighted_average": 0.9652103311988726, "recall_score_weighted_average": 0.9727626459143969, "_wandb": {"runtime": 72}}