{"f1_score_weighted_average": 0.9764333242333838, "_timestamp": 1690329211.867912, "_runtime": 6.305034160614014, "_step": 0, "_wandb": {"runtime": 6}}