{"f1_gain_score": 0.9829978391902651, "precision_gain_score": 0.9816899806664393, "recall_gain_score": 0.9843056977140908, "_timestamp": 1690866609.3825128, "_runtime": 0.7178418636322021, "_step": 9, "f1_gain_score_average": 0.9117232236790949, "precision_gain_average": 0.875044748330701, "recall_gain_avg": 0.9484016990274884, "f1_score_average": 0.5449560614354915, "precision_score_average": 0.47417530078019904, "recall_score_average": 0.676660167491772, "matthew_correlation_coefficient_average": 0.4999552624747257, "_wandb": {"runtime": 0}}