{"f1_score": 0.2, "precision_score": 0.14285714285714285, "recall_score": 0.3333333333333333, "_timestamp": 1690215512.725589, "_runtime": 0.7383410930633545, "_step": 8, "_wandb": {"runtime": 0}}