{"f1_score_weighted_average": 0.9794831623240146, "_timestamp": 1690331124.814709, "_runtime": 4.52637505531311, "_step": 0, "_wandb": {"runtime": 4}}