{"f1_gain_score": 0.9176049129989765, "precision_gain_score": 0.9529170931422721, "recall_gain_score": 0.8822927328556807, "_timestamp": 1690405022.6739259, "_runtime": 0.7703509330749512, "_step": 9, "f1_gain_score_average": 0.9014123702639812, "precision_gain_average": 0.9258044720025335, "recall_gain_avg": 0.8770202685254289, "f1_score_average": 0.48956902511167083, "precision_score_average": 0.5626960846382194, "recall_score_average": 0.4488008434336119, "_wandb": {"runtime": 0}}