{"f1_score_weighted_average": 0.9612125313360299, "_timestamp": 1690308949.757615, "_runtime": 7.354222059249878, "_step": 0, "_wandb": {"runtime": 7}}