{"f1_score_weighted_average": 0.9764333242333838, "_timestamp": 1690327665.042046, "_runtime": 7.156874179840088, "_step": 0, "_wandb": {"runtime": 6}}