{"f1_score_weighted_average": 0.9737815475000384, "_timestamp": 1690329445.622368, "_runtime": 4.299337148666382, "_step": 0, "_wandb": {"runtime": 4}}