{"f1_gain_score": 0.9117195496417605, "precision_score": 0.8705220061412489, "recall_score": 0.9529170931422721, "_timestamp": 1689800947.73233, "_runtime": 4.980862140655518, "_step": 9, "f1_gain_score_average": 0.8811792451774761, "precision_gain_average": 0.827307067525727, "recall_gain_avg": 0.9350514228292255, "_wandb": {"runtime": 0}}