{"f1_score_weighted_average": 0.9764333242333838, "_timestamp": 1690329473.545998, "_runtime": 11.803865194320679, "_step": 0, "_wandb": {"runtime": 11}}