{"f1_score_weighted_average": 0.9764333242333838, "_timestamp": 1690330300.83598, "_runtime": 9.763483047485352, "_step": 0, "_wandb": {"runtime": 9}}