{"f1_score_weighted_average": 0.9764333242333838, "_timestamp": 1690330994.534476, "_runtime": 15.635534048080444, "_step": 0, "_wandb": {"runtime": 14}}