{"f1_score_weighted_average": 0.9764333242333838, "_timestamp": 1690326877.169538, "_runtime": 5.55152702331543, "_step": 0, "_wandb": {"runtime": 5}}