{"f1_score_weighted_average": 0.9764333242333838, "_timestamp": 1690328933.241768, "_runtime": 8.537590980529785, "_step": 0, "_wandb": {"runtime": 8}}