{"f1_score_weighted_average": 0.9764333242333838, "_timestamp": 1690310112.190784, "_runtime": 9.432415008544922, "_step": 0, "_wandb": {"runtime": 8}}