{"f1_score_weighted_average": 0.9764333242333838, "_timestamp": 1690331193.189806, "_runtime": 4.9972240924835205, "_step": 0, "_wandb": {"runtime": 4}}