{"f1_score_weighted_average": 0.9794831623240146, "_timestamp": 1694110089.1022038, "_runtime": 7.185833930969238, "_step": 0, "_wandb": {"runtime": 6}}