{"f1_score_weighted_average": 0.9766536964980544, "_timestamp": 1690329310.896668, "_runtime": 5.941835880279541, "_step": 0, "_wandb": {"runtime": 5}}