{"f1_score": 0.0, "precision_score": 0.0, "recall_score": 0.0, "_timestamp": 1689748789.529245, "_runtime": 0.5757229328155518, "_step": 8, "_wandb": {"runtime": 0}}