{"f1_score_weighted_average": 0.9737815475000384, "_timestamp": 1690327723.837483, "_runtime": 5.3515849113464355, "_step": 0, "_wandb": {"runtime": 5}}