{"f1_score_weighted_average": 0.9764333242333838, "_timestamp": 1690330513.446054, "_runtime": 11.155637979507446, "_step": 0, "_wandb": {"runtime": 8}}