{"f1_score_weighted_average": 0.9764333242333838, "_timestamp": 1690329416.501753, "_runtime": 6.823515176773071, "_step": 0, "_wandb": {"runtime": 6}}