{"f1_score_weighted_average": 0.9764333242333838, "_timestamp": 1690309758.232712, "_runtime": 7.630245923995972, "_step": 0, "_wandb": {"runtime": 7}}