{"f1_score_weighted_average": 0.9689164024539966, "_timestamp": 1690309583.580885, "_runtime": 4.221911907196045, "_step": 0, "_wandb": {"runtime": 3}}