{"f1_score": [0.9696969696969696, 0.21052631578947367], "precision_score": [0.9836065573770492, 0.15384615384615385], "recall_score": [0.9561752988047809, 0.3333333333333333], "_timestamp": 1689779679.72299, "_runtime": 0.8095779418945312, "_step": 8, "_wandb": {"runtime": 0}}