{"f1_score_weighted_average": 0.9794831623240146, "_timestamp": 1694110174.003872, "_runtime": 7.097440004348755, "_step": 0, "_wandb": {"runtime": 18}}