{"f1_score_weighted_average": 0.9764333242333838, "_timestamp": 1690330968.201719, "_runtime": 5.266140937805176, "_step": 0, "_wandb": {"runtime": 4}}