{"f1_score_weighted_average": 0.9519731412010748, "precision_score_weighted_average": 0.9642347191623202, "recall_score_weighted_average": 0.9416342412451362, "_timestamp": 1689779626.654997, "_runtime": 1.1132831573486328, "_step": 8, "_wandb": {"runtime": 0}}