{"f1_score_weighted_average": 0.9764333242333838, "_timestamp": 1690331256.054174, "_runtime": 4.988926887512207, "_step": 0, "_wandb": {"runtime": 4}}