{"f1_gain_score": 0.9705731832139202, "precision_gain_score": 0.988229273285568, "recall_gain_score": 0.9529170931422721, "_timestamp": 1690404797.390483, "_runtime": 1.4705297946929932, "_step": 9, "f1_gain_score_average": 0.9025518072296107, "precision_gain_average": 0.9290516728729704, "recall_gain_avg": 0.8760519415862513, "f1_score_average": 0.5131350444442495, "precision_score_average": 0.6667487377622939, "recall_score_average": 0.4424959700276156, "_wandb": {"runtime": 0}}