{"f1_score_weighted_average": 0.9764333242333838, "_timestamp": 1690331053.575624, "_runtime": 6.605411052703857, "_step": 0, "_wandb": {"runtime": 6}}