{"f1_score_weighted_average": 0.9764333242333838, "_timestamp": 1690331179.035239, "_runtime": 6.546961069107056, "_step": 0, "_wandb": {"runtime": 6}}