{"f1_score_weighted_average": 0.9764333242333838, "_timestamp": 1690331086.403203, "_runtime": 7.866955041885376, "_step": 0, "_wandb": {"runtime": 7}}