{"f1_score_weighted_average": 0.9764333242333838, "_timestamp": 1690327709.704567, "_runtime": 7.9807679653167725, "_step": 0, "_wandb": {"runtime": 7}}