{"f1_score_weighted_average": 0.9737815475000384, "_timestamp": 1690329488.054558, "_runtime": 4.929013013839722, "_step": 0, "_wandb": {"runtime": 4}}