{"f1_score_weighted_average": 0.9766536964980544, "_timestamp": 1690330779.535908, "_runtime": 5.664129972457886, "_step": 0, "_wandb": {"runtime": 5}}