{"f1_score_weighted_average": 0.9794831623240146, "_timestamp": 1690309623.1778219, "_runtime": 7.677059888839722, "_step": 0, "_wandb": {"runtime": 7}}