{"f1_score_weighted_average": 0.9764333242333838, "_timestamp": 1690309916.6475468, "_runtime": 8.829250812530518, "_step": 0, "_wandb": {"runtime": 8}}