{"create_model/Accuracy": 0.9296, "create_model/AUC": 0.8603, "create_model/Recall": 0.74, "create_model/Prec.": 0.1909, "create_model/F1": 0.3003, "create_model/Kappa": 0.2779, "create_model/MCC": 0.3508, "create_model/TT": 0.37, "_timestamp": 1689737699.6975842, "_runtime": 28.722317218780518, "_step": 2, "AUC": {"_type": "image-file", "sha256": "282ddf7c7f2c240aef62965bbb67fef36457edd5b5d9cc22570ead86ccfa3e1e", "size": 77733, "path": "media/images/AUC_1_282ddf7c7f2c240aef62.png", "format": "png", "width": 698, "height": 507}, "Confusion Matrix": {"_type": "image-file", "sha256": "ca5db9cd251d992af7eb7695e7cae0dc817f1aa67ac4342677b158d17b183d20", "size": 17201, "path": "media/images/Confusion Matrix_2_ca5db9cd251d992af7eb.png", "format": "png", "width": 784, "height": 534}, "_wandb": {"runtime": 27}}