{"f1_score_weighted_average": 0.9764333242333838, "_timestamp": 1690328972.582359, "_runtime": 7.6021809577941895, "_step": 0, "_wandb": {"runtime": 7}}