{"create_model/Accuracy": 0.9413, "create_model/AUC": 0.856, "create_model/Recall": 0.695, "create_model/Prec.": 0.2138, "create_model/F1": 0.3223, "create_model/Kappa": 0.3015, "create_model/MCC": 0.3614, "create_model/TT": 0.33, "_timestamp": 1689735441.9971242, "_runtime": 20.92122530937195, "_step": 2, "AUC": {"_type": "image-file", "sha256": "cfc31859784e4086d865d5d0e9a3f6c3019c369d8d1f9bc109efb5582b9279d4", "size": 76887, "path": "media/images/AUC_1_cfc31859784e4086d865.png", "format": "png", "width": 698, "height": 507}, "Confusion Matrix": {"_type": "image-file", "sha256": "de23d1e31ffb1829628193e050dd9959dcf0e4eaacab204050aaf3b5c1b9a292", "size": 17004, "path": "media/images/Confusion Matrix_2_de23d1e31ffb18296281.png", "format": "png", "width": 784, "height": 534}}