{"f1_score_weighted_average": 0.9766536964980544, "_timestamp": 1690309793.8090591, "_runtime": 6.5706751346588135, "_step": 0, "_wandb": {"runtime": 6}}