{"f1_score_weighted_average": 0.9764333242333838, "_timestamp": 1690329226.785799, "_runtime": 5.059580087661743, "_step": 0, "_wandb": {"runtime": 4}}