{"f1_score_weighted_average": 0.9764333242333838, "_timestamp": 1690330726.616607, "_runtime": 4.985662937164307, "_step": 0, "_wandb": {"runtime": 4}}