{"f1_score_weighted_average": 0.9764333242333838, "_timestamp": 1690310210.928787, "_runtime": 9.218615055084229, "_step": 0, "_wandb": {"runtime": 8}}