{"f1_score_weighted_average": 0.9764333242333838, "_timestamp": 1690327760.956932, "_runtime": 6.3307411670684814, "_step": 0, "_wandb": {"runtime": 5}}