{"f1_score_weighted_average": 0.9764333242333838, "_timestamp": 1690327626.715851, "_runtime": 6.766036033630371, "_step": 0, "_wandb": {"runtime": 6}}