{"f1_score_weighted_average": 0.9712764272536203, "_timestamp": 1690329387.763905, "_runtime": 4.337643146514893, "_step": 0, "_wandb": {"runtime": 4}}