{"f1_score_weighted_average": 0.9764333242333838, "_timestamp": 1690330880.754621, "_runtime": 6.393907070159912, "_step": 0, "_wandb": {"runtime": 6}}