{"f1_score_weighted_average": 0.9764333242333838, "_timestamp": 1690329078.9278789, "_runtime": 7.66837477684021, "_step": 0, "_wandb": {"runtime": 6}}