{"f1_score_weighted_average": 0.9764333242333838, "_timestamp": 1690329294.820205, "_runtime": 5.7464799880981445, "_step": 0, "_wandb": {"runtime": 5}}