{"f1_score_weighted_average": 0.9764333242333838, "_timestamp": 1690330359.6134999, "_runtime": 9.065009832382202, "_step": 0, "_wandb": {"runtime": 8}}