{"f1_score_weighted_average": 0.9764333242333838, "_timestamp": 1690329511.3631082, "_runtime": 7.075068235397339, "_step": 0, "_wandb": {"runtime": 6}}