{"f1_score_weighted_average": 0.9737815475000384, "_timestamp": 1690330742.2035358, "_runtime": 4.617912769317627, "_step": 0, "_wandb": {"runtime": 4}}