{"f1_score_weighted_average": 0.9794831623240146, "_timestamp": 1690310235.138593, "_runtime": 7.149366855621338, "_step": 0, "_wandb": {"runtime": 6}}