{"f1_score_weighted_average": 0.9764333242333838, "_timestamp": 1690330377.4943628, "_runtime": 7.082627773284912, "_step": 0, "_wandb": {"runtime": 6}}