{"f1_score_weighted_average": 0.979309006607637, "_timestamp": 1690310284.340139, "_runtime": 9.559006929397583, "_step": 0, "_wandb": {"runtime": 9}}