{"f1_score": 0.3478260869565218, "precision_score": 0.23529411764705882, "recall_score": 0.6666666666666666, "_timestamp": 1694092989.7459588, "_runtime": 1.1475787162780762, "_step": 8, "_wandb": {"runtime": 0}}