{"f1_score": 0.14634146341463414, "precision_score": 0.08571428571428572, "recall_score": 0.5, "_timestamp": 1690341791.7633438, "_runtime": 47.89462471008301, "_step": 8, "_wandb": {"runtime": 47}}