{"f1_score_weighted_average": 0.9739736325590848, "_timestamp": 1690329038.1084821, "_runtime": 4.211713075637817, "_step": 0, "_wandb": {"runtime": 3}}