{"f1_score_weighted_average": 0.9764333242333838, "_timestamp": 1690328917.47023, "_runtime": 9.863337993621826, "_step": 0, "_wandb": {"runtime": 9}}