{"f1_score_weighted_average": 0.9737815475000384, "_timestamp": 1690327311.185184, "_runtime": 6.256351947784424, "_step": 0, "_wandb": {"runtime": 7}}