{"f1_score_weighted_average": 0.9737815475000384, "_timestamp": 1690330525.909842, "_runtime": 5.0021889209747314, "_step": 0, "_wandb": {"runtime": 4}}