{"f1_score_weighted_average": 0.9818926790658274, "precision_score_weighted_average": 0.9814546706348528, "recall_score_weighted_average": 0.9844479004665629, "f1_score": 0.4444444444444444, "precision_score": 0.6666666666666666, "recall_score": 0.3333333333333333, "matthew_correlation_coefficient": 0.46471786117268465, "_timestamp": 1690864261.246047, "_runtime": 13.885205030441284, "_step": 0, "_wandb": {"runtime": 15}}