{"f1_score_weighted_average": 0.9764333242333838, "_timestamp": 1690310190.667079, "_runtime": 14.686794996261597, "_step": 0, "_wandb": {"runtime": 14}}