{"f1_score": 0.21052631578947367, "precision_score": 0.15384615384615385, "recall_score": 0.3333333333333333, "_timestamp": 1689779738.7999082, "_runtime": 0.8759722709655762, "_step": 8, "_wandb": {"runtime": 0}}