{"f1_score_weighted_average": 0.9683039899320672, "precision_score_weighted_average": 0.9652103311988726, "recall_score_weighted_average": 0.9727626459143969, "f1_score": 0.2222222222222222, "precision_score": 0.3333333333333333, "recall_score": 0.16666666666666666, "_timestamp": 1690405007.065438, "_runtime": 88.69968295097351, "_step": 8, "_wandb": {"runtime": 88}}