{"f1_score_weighted_average": 0.9764333242333838, "_timestamp": 1690330612.597743, "_runtime": 6.42309308052063, "_step": 0, "_wandb": {"runtime": 6}}