{"f1_score_weighted_average": 0.979309006607637, "_timestamp": 1690330795.128329, "_runtime": 5.053485155105591, "_step": 0, "_wandb": {"runtime": 4}}