{"f1_score_weighted_average": 0.9764333242333838, "_timestamp": 1690330337.9034839, "_runtime": 9.341584920883179, "_step": 0, "_wandb": {"runtime": 9}}