{"f1_score_weighted_average": 0.9612125313360299, "precision_score_weighted_average": 0.9536736095216297, "recall_score_weighted_average": 0.9688715953307393, "f1_score": 0.0, "precision_score": 0.0, "recall_score": 0.0, "_timestamp": 1690255386.980986, "_runtime": 4.900453090667725, "_step": 0, "_wandb": {"runtime": 4}}