{"f1_score_weighted_average": 0.9764333242333838, "_timestamp": 1690330282.2359118, "_runtime": 7.104805946350098, "_step": 0, "_wandb": {"runtime": 6}}