{"epoch": 63, "train_loss": 0.01980610191822052, "raw_loss": 0.017674600705504417, "wd_0": 0.01, "sqr_mom_0": 0.99, "lr_0": 0.0009573795798585602, "mom_0": 0.8542620846349903, "eps_0": 1e-05, "_timestamp": 1690228839.5128279, "train_samples_per_sec": 8364.350032030672, "_runtime": 58.75445294380188, "_step": 3964, "valid_loss": 0.17816343903541565, "f1_score": [0.9801587301587301, 0.0], "Prediction_Samples": {"_type": "table-file", "sha256": "c87b02b8b138c8dbcdaf65aa0b0d5818444060298e567ed27e9c8635075d2189", "size": 60979, "artifact_path": "wandb-client-artifact://9mw4isw9ekh5og3pmdnu08mj9q94leyu1d816razfq56lotzplvny7wujcq4k4puiwxjhox5zasnx7cb7zlcff6omwyjj88kxefntqomcfcsnsq3gl9gzu8ltgmquxki:latest/Prediction_Samples.table.json", "_latest_artifact_path": "wandb-client-artifact://9mw4isw9ekh5og3pmdnu08mj9q94leyu1d816razfq56lotzplvny7wujcq4k4puiwxjhox5zasnx7cb7zlcff6omwyjj88kxefntqomcfcsnsq3gl9gzu8ltgmquxki:latest/Prediction_Samples.table.json", "path": "media/table/Prediction_Samples_3964_c87b02b8b138c8dbcdaf.table.json", "ncols": 94, "nrows": 36}, "_wandb": {"runtime": 58}}