{"f1_score_weighted_average": 0.9764333242333838, "_timestamp": 1690327646.802946, "_runtime": 11.898475170135498, "_step": 0, "_wandb": {"runtime": 11}}