{"f1_score_weighted_average": 0.9764333242333838, "_timestamp": 1690330849.137001, "_runtime": 6.5320141315460205, "_step": 0, "_wandb": {"runtime": 6}}