{"f1_score_weighted_average": 0.9764333242333838, "_timestamp": 1690309455.387914, "_runtime": 9.349756002426147, "_step": 0, "_wandb": {"runtime": 8}}