{"epoch": 10, "train_loss": 0.013027532026171684, "raw_loss": 0.006794456858187914, "wd_0": 0.01, "sqr_mom_0": 0.99, "lr_0": 0.0007512968992450438, "mom_0": 0.8748705587810834, "eps_0": 1e-05, "_timestamp": 1690229521.111993, "train_samples_per_sec": 9512.42011123228, "_runtime": 10.672873973846436, "_step": 699, "valid_loss": 0.1337888389825821, "f1_score": [0.9861386138613861, 0.22222222222222224], "precision_score": 0.9699058765629566, "recall_score": 0.9727626459143969, "Prediction_Samples": {"_type": "table-file", "sha256": "ccbaa19c0f77e81f04412cbd20507a9a4cc58ca433f51de8490037b661d1e40f", "size": 61044, "artifact_path": "wandb-client-artifact://qs3eb0zib12c5gw09hugpl5a27mvs87c9w9novkpgolnu6bf3klfziae5sni24gy3lgvufgfs7dkf2fqu0tjq8ohkdm0d9pzjpaytvij9vi42eofgmv9und30qbco7qw:latest/Prediction_Samples.table.json", "_latest_artifact_path": "wandb-client-artifact://qs3eb0zib12c5gw09hugpl5a27mvs87c9w9novkpgolnu6bf3klfziae5sni24gy3lgvufgfs7dkf2fqu0tjq8ohkdm0d9pzjpaytvij9vi42eofgmv9und30qbco7qw:latest/Prediction_Samples.table.json", "path": "media/table/Prediction_Samples_699_ccbaa19c0f77e81f0441.table.json", "ncols": 94, "nrows": 36}, "_wandb": {"runtime": 10}}