{"f1_score_weighted_average": 0.9764333242333838, "_timestamp": 1690329128.307244, "_runtime": 6.386628150939941, "_step": 0, "_wandb": {"runtime": 6}}