{"f1_score_weighted_average": 0.9764333242333838, "_timestamp": 1690329144.663241, "_runtime": 6.970014810562134, "_step": 0, "_wandb": {"runtime": 6}}