{"f1_score_weighted_average": 0.9766536964980544, "_timestamp": 1690309840.7608151, "_runtime": 6.327361106872559, "_step": 0, "_wandb": {"runtime": 5}}