{"f1_score_weighted_average": 0.9764333242333838, "_timestamp": 1690309523.0999901, "_runtime": 7.684268236160278, "_step": 0, "_wandb": {"runtime": 7}}