{"f1_score_weighted_average": 0.9764333242333838, "_timestamp": 1690330258.499276, "_runtime": 13.821991920471191, "_step": 0, "_wandb": {"runtime": 13}}