{"f1_score_weighted_average": 0.9764333242333838, "_timestamp": 1690309857.047893, "_runtime": 7.264780044555664, "_step": 0, "_wandb": {"runtime": 6}}