{"f1_score_weighted_average": 0.971403620278936, "_timestamp": 1690331286.421311, "_runtime": 4.343024015426636, "_step": 0, "_wandb": {"runtime": 4}}