{"f1_score_weighted_average": 0.9764333242333838, "_timestamp": 1690330451.748446, "_runtime": 7.592343091964722, "_step": 0, "_wandb": {"runtime": 7}}