{"f1_gain_score": 0.8822927328556807, "precision_gain_score": 0.8822927328556807, "recall_gain_score": 0.8822927328556807, "_timestamp": 1690323963.1880178, "_runtime": 0.5165467262268066, "_step": 9, "f1_gain_score_average": 0.8855543997033783, "precision_gain_average": 0.8597489450071923, "recall_gain_avg": 0.9113598543995641, "_wandb": {"runtime": 0}}