{"f1_score_weighted_average": 0.9764333242333838, "_timestamp": 1690330713.43627, "_runtime": 6.733763933181763, "_step": 0, "_wandb": {"runtime": 6}}