{"f1_score_weighted_average": 0.9764333242333838, "_timestamp": 1690309549.519553, "_runtime": 8.552073955535889, "_step": 0, "_wandb": {"runtime": 8}}