{"f1_score_weighted_average": 0.9764333242333838, "_timestamp": 1690328896.204593, "_runtime": 8.664939880371094, "_step": 0, "_wandb": {"runtime": 8}}