{"f1_score_weighted_average": 0.9764333242333838, "_timestamp": 1690330865.201514, "_runtime": 6.334582090377808, "_step": 0, "_wandb": {"runtime": 5}}