{"f1_score_weighted_average": 0.9764333242333838, "_timestamp": 1690329360.276598, "_runtime": 8.328068017959595, "_step": 0, "_wandb": {"runtime": 8}}