{"f1_score_weighted_average": 0.9764333242333838, "_timestamp": 1690310140.73772, "_runtime": 17.861144065856934, "_step": 0, "_wandb": {"runtime": 17}}