{"f1_score_weighted_average": 0.9764333242333838, "_timestamp": 1690309507.0094342, "_runtime": 7.360194206237793, "_step": 0, "_wandb": {"runtime": 6}}