{"f1_score_weighted_average": 0.9737815475000384, "_timestamp": 1690330475.189384, "_runtime": 5.690617084503174, "_step": 0, "_wandb": {"runtime": 5}}