{"f1_score_weighted_average": 0.9764333242333838, "_timestamp": 1690327587.3002748, "_runtime": 6.7133729457855225, "_step": 0, "_wandb": {"runtime": 6}}